-- LOCATION
INSERT INTO PUBLIC.LOCATION (ID,NAME,COLOR,ICON,ICON_CONTENT_TYPE,ORDER_NUMBER,DELETED_AT) VALUES (
1051,'Droß','',NULL,NULL,1,NULL);
INSERT INTO PUBLIC.LOCATION (ID,NAME,COLOR,ICON,ICON_CONTENT_TYPE,ORDER_NUMBER,DELETED_AT) VALUES (
1052,'Stratzing','',NULL,NULL,2,NULL);

-- CONTAINER_TYPE
INSERT INTO PUBLIC.CONTAINER_TYPE (ID,NAME,DELETED_AT,COLOR,ORDER_NUMBER,ICON,ICON_CONTENT_TYPE) VALUES (
1101,'Holz',NULL,'',NULL,NULL,NULL);
INSERT INTO PUBLIC.CONTAINER_TYPE (ID,NAME,DELETED_AT,COLOR,ORDER_NUMBER,ICON,ICON_CONTENT_TYPE) VALUES (
1102,'Edelstahl',NULL,'',NULL,NULL,NULL);
INSERT INTO PUBLIC.CONTAINER_TYPE (ID,NAME,DELETED_AT,COLOR,ORDER_NUMBER,ICON,ICON_CONTENT_TYPE) VALUES (
1103,'Kunststoff',NULL,'',NULL,NULL,NULL);

-- CONTAINER
INSERT INTO PUBLIC.CONTAINER (ID,NAME,IS_ALWAYS_FULL,CURRENT_AMOUNT_OF_CONTENT,CAPACITY,COLOR,ORDER_NUMBER,ICON,ICON_CONTENT_TYPE,DELETED_AT,LOCATION_ID,CONTAINER_TYPE_ID) VALUES (
1151,'Fass 1',false,0,10000,'',1,NULL,NULL,NULL,1052,1103);
INSERT INTO PUBLIC.CONTAINER (ID,NAME,IS_ALWAYS_FULL,CURRENT_AMOUNT_OF_CONTENT,CAPACITY,COLOR,ORDER_NUMBER,ICON,ICON_CONTENT_TYPE,DELETED_AT,LOCATION_ID,CONTAINER_TYPE_ID) VALUES (
1152,'kleines Fass 1',false,0,300,'',2,NULL,NULL,NULL,1051,1102);

INSERT INTO PUBLIC.MEASURE_PROPERTY_TYPE (ID,"TYPE",ORDER_NUMBER,UI_TYPE_ID) VALUES (
1201,'Rebe',102,1351);
INSERT INTO PUBLIC.MEASURE_PROPERTY_TYPE (ID,"TYPE",ORDER_NUMBER,UI_TYPE_ID) VALUES (
1202,'Zulieferer',103,1351);
INSERT INTO PUBLIC.MEASURE_PROPERTY_TYPE (ID,"TYPE",ORDER_NUMBER,UI_TYPE_ID) VALUES (
1301,'Weinsorte',101,1351);
INSERT INTO PUBLIC.MEASURE_PROPERTY_TYPE (ID,"TYPE",ORDER_NUMBER,UI_TYPE_ID) VALUES (
1302,'Menge in g/L',201,1352);
INSERT INTO PUBLIC.MEASURE_PROPERTY_TYPE (ID,"TYPE",ORDER_NUMBER,UI_TYPE_ID) VALUES (
1305,'Weinbezeichnung',401,1351);

INSERT INTO PUBLIC.POSSIBLE_P_TYPES_FOR_M_TYPES (ID,MEASURE_TYPE_ID,MEASURE_PROPERTY_TYPE_ID) VALUES (
1401,1251,1301);
INSERT INTO PUBLIC.POSSIBLE_P_TYPES_FOR_M_TYPES (ID,MEASURE_TYPE_ID,MEASURE_PROPERTY_TYPE_ID) VALUES (
1402,1252,1302);
INSERT INTO PUBLIC.POSSIBLE_P_TYPES_FOR_M_TYPES (ID,MEASURE_TYPE_ID,MEASURE_PROPERTY_TYPE_ID) VALUES (
1405,1254,1305);

INSERT INTO PUBLIC.MEASURE_ENTRY (ID,REALIZED_AT,CREATED_AT,ADDITIONAL_INFORMATION,DELETED_AT,CURRENT_CONTAINER_ID,CONTAINER_ID,MEASURE_TYPE_ID,REFILL_ID) VALUES (
1051,'2020-08-16','2020-08-16','GV - Lese',NULL,NULL,1151,1251,NULL);
INSERT INTO PUBLIC.MEASURE_ENTRY (ID,REALIZED_AT,CREATED_AT,ADDITIONAL_INFORMATION,DELETED_AT,CURRENT_CONTAINER_ID,CONTAINER_ID,MEASURE_TYPE_ID,REFILL_ID) VALUES (
1053,'2020-08-17','2020-08-17','GV - Schwefelung',NULL,NULL,1151,1252,1051);
INSERT INTO PUBLIC.MEASURE_ENTRY (ID,REALIZED_AT,CREATED_AT,ADDITIONAL_INFORMATION,DELETED_AT,CURRENT_CONTAINER_ID,CONTAINER_ID,MEASURE_TYPE_ID,REFILL_ID) VALUES (
1054,'2020-08-18','2020-08-18','GV - Vorfiltration',NULL,NULL,1151,1253,1051);
INSERT INTO PUBLIC.MEASURE_ENTRY (ID,REALIZED_AT,CREATED_AT,ADDITIONAL_INFORMATION,DELETED_AT,CURRENT_CONTAINER_ID,CONTAINER_ID,MEASURE_TYPE_ID,REFILL_ID) VALUES (
1055,'2020-08-19','2020-08-19','ZG - Traubenzukauf',NULL,NULL,1151,1255,NULL);
INSERT INTO PUBLIC.MEASURE_ENTRY (ID,REALIZED_AT,CREATED_AT,ADDITIONAL_INFORMATION,DELETED_AT,CURRENT_CONTAINER_ID,CONTAINER_ID,MEASURE_TYPE_ID,REFILL_ID) VALUES (
1056,'2020-08-20','2020-08-20','ZG - Schwefelung',NULL,NULL,1151,1252,1055);
INSERT INTO PUBLIC.MEASURE_ENTRY (ID,REALIZED_AT,CREATED_AT,ADDITIONAL_INFORMATION,DELETED_AT,CURRENT_CONTAINER_ID,CONTAINER_ID,MEASURE_TYPE_ID,REFILL_ID) VALUES (
1057,'2020-08-21','2020-08-21','GV - Flaschenfüllung',NULL,NULL,1152,1254,1051);
INSERT INTO PUBLIC.MEASURE_ENTRY (ID,REALIZED_AT,CREATED_AT,ADDITIONAL_INFORMATION,DELETED_AT,CURRENT_CONTAINER_ID,CONTAINER_ID,MEASURE_TYPE_ID,REFILL_ID) VALUES (
1058,'2020-08-22','2020-08-22','ZG - Vorfiltration',NULL,NULL,1151,1253,1055);
INSERT INTO PUBLIC.MEASURE_ENTRY (ID,REALIZED_AT,CREATED_AT,ADDITIONAL_INFORMATION,DELETED_AT,CURRENT_CONTAINER_ID,CONTAINER_ID,MEASURE_TYPE_ID,REFILL_ID) VALUES (
1059,'2020-08-23','2020-08-23','ZG - Flaschenfüllung',NULL,NULL,1152,1254,1055);



INSERT INTO PUBLIC.MEASURE_PROPERTY_VALUE (ID,VALUE,MEASURE_PROPERTY_TYPE_ID,MEASURE_ENTRY_ID) VALUES (
1301,'Grüner Veltliner',1301,1051);
INSERT INTO PUBLIC.MEASURE_PROPERTY_VALUE (ID,VALUE,MEASURE_PROPERTY_TYPE_ID,MEASURE_ENTRY_ID) VALUES (
1302,'Sauberg 1',1201,1051);
INSERT INTO PUBLIC.MEASURE_PROPERTY_VALUE (ID,VALUE,MEASURE_PROPERTY_TYPE_ID,MEASURE_ENTRY_ID) VALUES (
1303,'5',1302,1053);
INSERT INTO PUBLIC.MEASURE_PROPERTY_VALUE (ID,VALUE,MEASURE_PROPERTY_TYPE_ID,MEASURE_ENTRY_ID) VALUES (
1304,'1151',1303,1054);
INSERT INTO PUBLIC.MEASURE_PROPERTY_VALUE (ID,VALUE,MEASURE_PROPERTY_TYPE_ID,MEASURE_ENTRY_ID) VALUES (
1305,'1152',1304,1054);
INSERT INTO PUBLIC.MEASURE_PROPERTY_VALUE (ID,VALUE,MEASURE_PROPERTY_TYPE_ID,MEASURE_ENTRY_ID) VALUES (
1306,'Karl Heinz Weinbauer GmbH',1202,1055);
INSERT INTO PUBLIC.MEASURE_PROPERTY_VALUE (ID,VALUE,MEASURE_PROPERTY_TYPE_ID,MEASURE_ENTRY_ID) VALUES (
1307,'Zweigelt',1301,1055);
INSERT INTO PUBLIC.MEASURE_PROPERTY_VALUE (ID,VALUE,MEASURE_PROPERTY_TYPE_ID,MEASURE_ENTRY_ID) VALUES (
1308,'6',1302,1056);
INSERT INTO PUBLIC.MEASURE_PROPERTY_VALUE (ID,VALUE,MEASURE_PROPERTY_TYPE_ID,MEASURE_ENTRY_ID) VALUES (
1309,'Grüner Veltliner - Alte Rebe',1305,1057);
INSERT INTO PUBLIC.MEASURE_PROPERTY_VALUE (ID,VALUE,MEASURE_PROPERTY_TYPE_ID,MEASURE_ENTRY_ID) VALUES (
1310,'1151',1303,1058);
INSERT INTO PUBLIC.MEASURE_PROPERTY_VALUE (ID,VALUE,MEASURE_PROPERTY_TYPE_ID,MEASURE_ENTRY_ID) VALUES (
1311,'1152',1304,1058);
INSERT INTO PUBLIC.MEASURE_PROPERTY_VALUE (ID,VALUE,MEASURE_PROPERTY_TYPE_ID,MEASURE_ENTRY_ID) VALUES (
1312,'Zweigelt - Rubin',1305,1059);

