-- DEFAULT SEED DATA FOR EVERY INSTANCE

-- UI_TYPE
-- DELETE FROM PUBLIC.UI_TYPE;
INSERT INTO PUBLIC.UI_TYPE (ID,NAME,"ELEMENT",EXPRESSION) VALUES (
150,'Optionales Textfeld','TEXT_FIELD', '');
INSERT INTO PUBLIC.UI_TYPE (ID,NAME,"ELEMENT",EXPRESSION) VALUES (
151,'Textfeld','TEXT_FIELD','REQUIRED');
INSERT INTO PUBLIC.UI_TYPE (ID,NAME,"ELEMENT",EXPRESSION) VALUES (
152,'Normaler Zahlenspinner','INTEGER_SPINNER', '');
INSERT INTO PUBLIC.UI_TYPE (ID,NAME,"ELEMENT",EXPRESSION) VALUES (
153,'Tankauswahl','HIDDEN', 'REQUIRED');

-- MEASURE_TYPE
-- DELETE FROM MEASURE_TYPE;
INSERT INTO PUBLIC.MEASURE_TYPE (ID,NAME,FILLING_EFFECT,ORDER_NUMBER,COLOR,ICON,ICON_CONTENT_TYPE,DELETED_AT,PARENT_ID) VALUES (
251,'Handlese','REFILL',101,'',NULL,NULL,NULL,NULL);
INSERT INTO PUBLIC.MEASURE_TYPE (ID,NAME,FILLING_EFFECT,ORDER_NUMBER,COLOR,ICON,ICON_CONTENT_TYPE,DELETED_AT,PARENT_ID) VALUES (
252,'Maschinenlese','REFILL',102,'',NULL,NULL,NULL,NULL);
INSERT INTO PUBLIC.MEASURE_TYPE (ID,NAME,FILLING_EFFECT,ORDER_NUMBER,COLOR,ICON,ICON_CONTENT_TYPE,DELETED_AT,PARENT_ID) VALUES (
253,'Traubenzukauf','REFILL',103,'',NULL,NULL,NULL,NULL);
INSERT INTO PUBLIC.MEASURE_TYPE (ID,NAME,FILLING_EFFECT,ORDER_NUMBER,COLOR,ICON,ICON_CONTENT_TYPE,DELETED_AT,PARENT_ID) VALUES (
254,'Verarbeitung','NO_EFFECT',201,'',NULL,NULL,NULL,NULL);
INSERT INTO PUBLIC.MEASURE_TYPE (ID,NAME,FILLING_EFFECT,ORDER_NUMBER,COLOR,ICON,ICON_CONTENT_TYPE,DELETED_AT,PARENT_ID) VALUES (
255,'Schwefelung','NO_EFFECT',301,'',NULL,NULL,NULL,NULL);
INSERT INTO PUBLIC.MEASURE_TYPE (ID,NAME,FILLING_EFFECT,ORDER_NUMBER,COLOR,ICON,ICON_CONTENT_TYPE,DELETED_AT,PARENT_ID) VALUES (
256,'Pressen','NO_EFFECT',401,'',NULL,NULL,NULL,NULL);
INSERT INTO PUBLIC.MEASURE_TYPE (ID,NAME,FILLING_EFFECT,ORDER_NUMBER,COLOR,ICON,ICON_CONTENT_TYPE,DELETED_AT,PARENT_ID) VALUES (
257,'Schönung','NO_EFFECT',501,'',NULL,NULL,NULL,NULL);
INSERT INTO PUBLIC.MEASURE_TYPE (ID,NAME,FILLING_EFFECT,ORDER_NUMBER,COLOR,ICON,ICON_CONTENT_TYPE,DELETED_AT,PARENT_ID) VALUES (
258,'Klärung','NO_EFFECT',601,'',NULL,NULL,NULL,NULL);
INSERT INTO PUBLIC.MEASURE_TYPE (ID,NAME,FILLING_EFFECT,ORDER_NUMBER,COLOR,ICON,ICON_CONTENT_TYPE,DELETED_AT,PARENT_ID) VALUES (
259,'Aufbesserung','NO_EFFECT',701,'',NULL,NULL,NULL,NULL);
INSERT INTO PUBLIC.MEASURE_TYPE (ID,NAME,FILLING_EFFECT,ORDER_NUMBER,COLOR,ICON,ICON_CONTENT_TYPE,DELETED_AT,PARENT_ID) VALUES (
260,'Entsäuerung','NO_EFFECT',801,'',NULL,NULL,NULL,NULL);
INSERT INTO PUBLIC.MEASURE_TYPE (ID,NAME,FILLING_EFFECT,ORDER_NUMBER,COLOR,ICON,ICON_CONTENT_TYPE,DELETED_AT,PARENT_ID) VALUES (
261,'Gärung','NO_EFFECT',901,'',NULL,NULL,NULL,NULL);
INSERT INTO PUBLIC.MEASURE_TYPE (ID,NAME,FILLING_EFFECT,ORDER_NUMBER,COLOR,ICON,ICON_CONTENT_TYPE,DELETED_AT,PARENT_ID) VALUES (
262,'Gärende','NO_EFFECT',1001,'',NULL,NULL,NULL,NULL);
INSERT INTO PUBLIC.MEASURE_TYPE (ID,NAME,FILLING_EFFECT,ORDER_NUMBER,COLOR,ICON,ICON_CONTENT_TYPE,DELETED_AT,PARENT_ID) VALUES (
263,'BSA','NO_EFFECT',1101,'',NULL,NULL,NULL,NULL);
INSERT INTO PUBLIC.MEASURE_TYPE (ID,NAME,FILLING_EFFECT,ORDER_NUMBER,COLOR,ICON,ICON_CONTENT_TYPE,DELETED_AT,PARENT_ID) VALUES (
264,'Bentonit','NO_EFFECT',1201,'',NULL,NULL,NULL,NULL);
INSERT INTO PUBLIC.MEASURE_TYPE (ID,NAME,FILLING_EFFECT,ORDER_NUMBER,COLOR,ICON,ICON_CONTENT_TYPE,DELETED_AT,PARENT_ID) VALUES (
265,'1. Abstich','NO_EFFECT',1301,'',NULL,NULL,NULL,NULL);
INSERT INTO PUBLIC.MEASURE_TYPE (ID,NAME,FILLING_EFFECT,ORDER_NUMBER,COLOR,ICON,ICON_CONTENT_TYPE,DELETED_AT,PARENT_ID) VALUES (
266,'Säurekorrektur','NO_EFFECT',1401,'',NULL,NULL,NULL,NULL);
INSERT INTO PUBLIC.MEASURE_TYPE (ID,NAME,FILLING_EFFECT,ORDER_NUMBER,COLOR,ICON,ICON_CONTENT_TYPE,DELETED_AT,PARENT_ID) VALUES (
267,'2. Abstich','NO_EFFECT',1501,'',NULL,NULL,NULL,NULL);
INSERT INTO PUBLIC.MEASURE_TYPE (ID,NAME,FILLING_EFFECT,ORDER_NUMBER,COLOR,ICON,ICON_CONTENT_TYPE,DELETED_AT,PARENT_ID) VALUES (
268,'Filtration','TRANSFILL',1601,'',NULL,NULL,NULL,NULL);
INSERT INTO PUBLIC.MEASURE_TYPE (ID,NAME,FILLING_EFFECT,ORDER_NUMBER,COLOR,ICON,ICON_CONTENT_TYPE,DELETED_AT,PARENT_ID) VALUES (
269,'Analyse','NO_EFFECT',1701,'',NULL,NULL,NULL,NULL);
INSERT INTO PUBLIC.MEASURE_TYPE (ID,NAME,FILLING_EFFECT,ORDER_NUMBER,COLOR,ICON,ICON_CONTENT_TYPE,DELETED_AT,PARENT_ID) VALUES (
270,'Verschnitt von','REFILL',1801,'',NULL,NULL,NULL,NULL);
INSERT INTO PUBLIC.MEASURE_TYPE (ID,NAME,FILLING_EFFECT,ORDER_NUMBER,COLOR,ICON,ICON_CONTENT_TYPE,DELETED_AT,PARENT_ID) VALUES (
271,'Verschnitt zu','TRANSFILL',1901,'',NULL,NULL,NULL,NULL);
INSERT INTO PUBLIC.MEASURE_TYPE (ID,NAME,FILLING_EFFECT,ORDER_NUMBER,COLOR,ICON,ICON_CONTENT_TYPE,DELETED_AT,PARENT_ID) VALUES (
272,'Metaweinsäure','NO_EFFECT',2001,'',NULL,NULL,NULL,NULL);
INSERT INTO PUBLIC.MEASURE_TYPE (ID,NAME,FILLING_EFFECT,ORDER_NUMBER,COLOR,ICON,ICON_CONTENT_TYPE,DELETED_AT,PARENT_ID) VALUES (
273,'Flaschenfüllung','BOTTLED',2101,'',NULL,NULL,NULL,NULL);

-- MEASURE_PROPERTY_TYPE
-- DELETE FROM PUBLIC.MEASURE_PROPERTY_TYPE;
INSERT INTO PUBLIC.MEASURE_PROPERTY_TYPE (ID,"TYPE",ORDER_NUMBER,UI_TYPE_ID) VALUES (
351, 'Von Tank', 1, 153);
INSERT INTO PUBLIC.MEASURE_PROPERTY_TYPE (ID,"TYPE",ORDER_NUMBER,UI_TYPE_ID) VALUES (
352, 'Zu Tank', 2, 153);
INSERT INTO PUBLIC.MEASURE_PROPERTY_TYPE (ID,"TYPE",ORDER_NUMBER,UI_TYPE_ID) VALUES (
353, 'Weinbezeichnung', 3, 151);
INSERT INTO PUBLIC.MEASURE_PROPERTY_TYPE (ID,"TYPE",ORDER_NUMBER,UI_TYPE_ID) VALUES (
354, 'Prüfnummer', 4, 150);
INSERT INTO PUBLIC.MEASURE_PROPERTY_TYPE (ID,"TYPE",ORDER_NUMBER,UI_TYPE_ID) VALUES (
355, 'Externer Abfüllcode', 5, 153);

-- POSSIBLEPTYPES_FORFEFFECT
-- DELETE FROM POSSIBLEPTYPES_FORFEFFECT;
INSERT INTO PUBLIC.POSSIBLEPTYPES_FORFEFFECT (ID, FILLING_EFFECT, MEASURE_PROPERTY_TYPE_ID) VALUES (
451, 'TRANSFILL', 351);
INSERT INTO PUBLIC.POSSIBLEPTYPES_FORFEFFECT (ID, FILLING_EFFECT, MEASURE_PROPERTY_TYPE_ID) VALUES (
452, 'TRANSFILL', 352);
INSERT INTO PUBLIC.POSSIBLEPTYPES_FORFEFFECT (ID, FILLING_EFFECT, MEASURE_PROPERTY_TYPE_ID) VALUES (
453, 'BOTTLED', 353);
INSERT INTO PUBLIC.POSSIBLEPTYPES_FORFEFFECT (ID, FILLING_EFFECT, MEASURE_PROPERTY_TYPE_ID) VALUES (
454, 'BOTTLED', 354);
INSERT INTO PUBLIC.POSSIBLEPTYPES_FORFEFFECT (ID, FILLING_EFFECT, MEASURE_PROPERTY_TYPE_ID) VALUES (
455, 'BOTTLED', 355);

-- CONTAINER_TYPE
-- DELETE FROM PUBLIC.CONTAINER_TYPE;
INSERT INTO PUBLIC.CONTAINER_TYPE (ID,NAME,DELETED_AT,COLOR,ORDER_NUMBER,ICON,ICON_CONTENT_TYPE) VALUES (
551,'Holz',NULL,'',NULL,NULL,NULL);
INSERT INTO PUBLIC.CONTAINER_TYPE (ID,NAME,DELETED_AT,COLOR,ORDER_NUMBER,ICON,ICON_CONTENT_TYPE) VALUES (
552,'Edelstahl',NULL,'',NULL,NULL,NULL);
INSERT INTO PUBLIC.CONTAINER_TYPE (ID,NAME,DELETED_AT,COLOR,ORDER_NUMBER,ICON,ICON_CONTENT_TYPE) VALUES (
553,'Kunststoff',NULL,'',NULL,NULL,NULL);
